feature,value,kind
numeric__calculated_host_listings_count,0.17414174124733503,importance
numeric__multi_listing_host,0.15010542047150954,importance
numeric__large_multi_listing_host,0.12356177521990068,importance
numeric__minimum_nights,0.10542707601570352,importance
numeric__review_intensity,0.09512099134126506,importance
numeric__reviews_per_month,0.07633695025787071,importance
numeric__number_of_reviews,0.07523189234648739,importance
numeric__log_price,0.05114473158874515,importance
numeric__longitude,0.041616141910889366,importance
numeric__latitude,0.02748242500713191,importance
categorical__neighbourhood_Williamsburg,0.007072563117859344,importance
categorical__neighbourhood_group_Queens,0.00629308611781398,importance
categorical__room_type_Entire home/apt,0.005960587145482577,importance
categorical__neighbourhood_group_Brooklyn,0.005777570386977523,importance
categorical__room_type_Private room,0.0052672497191721904,importance
categorical__neighbourhood_group_Manhattan,0.0052364785846197495,importance
numeric__last_review_missing,0.004976624969066796,importance
categorical__neighbourhood_group_Bronx,0.003924010160091048,importance
categorical__neighbourhood_infrequent_sklearn,0.0034002447319856806,importance
categorical__neighbourhood_Financial District,0.0032608941923563386,importance
categorical__room_type_Shared room,0.002854264094615453,importance
categorical__neighbourhood_Midtown,0.00283106620133154,importance
categorical__neighbourhood_East Village,0.0019071653355646231,importance
categorical__neighbourhood_East Flatbush,0.0017029408823937785,importance
categorical__neighbourhood_Greenpoint,0.0014343270204334798,importance
categorical__neighbourhood_group_Staten Island,0.0013564637832884155,importance
categorical__neighbourhood_Hell's Kitchen,0.0011914203459108665,importance
categorical__neighbourhood_Bedford-Stuyvesant,0.000992355696980767,importance
categorical__neighbourhood_Morningside Heights,0.0009646947782105822,importance
categorical__neighbourhood_Theater District,0.0009176248135380303,importance
categorical__neighbourhood_East New York,0.0008344379250493112,importance
categorical__neighbourhood_Bushwick,0.0007539871672451686,importance
categorical__neighbourhood_West Village,0.0006606112740685304,importance
categorical__neighbourhood_Upper West Side,0.0006564457855211022,importance
categorical__neighbourhood_Jamaica,0.0006001370371769148,importance
categorical__neighbourhood_Upper East Side,0.0005892341697926473,importance
categorical__neighbourhood_Murray Hill,0.0005764858588165528,importance
categorical__neighbourhood_East Harlem,0.0005496881406121148,importance
categorical__neighbourhood_Harlem,0.0005194611999248334,importance
categorical__neighbourhood_Astoria,0.00048209098220473536,importance
categorical__neighbourhood_Canarsie,0.00040824553540466494,importance
categorical__neighbourhood_Chelsea,0.00037760771446597354,importance
categorical__neighbourhood_Crown Heights,0.00030430211035095824,importance
categorical__neighbourhood_Woodhaven,0.00027843059833525203,importance
categorical__neighbourhood_Carroll Gardens,0.00020155927788128173,importance
categorical__neighbourhood_Washington Heights,0.00020036663561194494,importance
categorical__neighbourhood_Clinton Hill,0.00018827968234341413,importance
categorical__neighbourhood_Boerum Hill,0.00018523757871877732,importance
categorical__neighbourhood_Cypress Hills,0.00018337123116371346,importance
categorical__neighbourhood_Prospect Heights,0.00017688300577276843,importance
categorical__neighbourhood_Flatbush,0.0001736524798650236,importance
categorical__neighbourhood_Flushing,0.0001648578998078551,importance
categorical__neighbourhood_Woodside,0.0001627677515708157,importance
categorical__neighbourhood_Sheepshead Bay,0.00016270168352419735,importance
categorical__neighbourhood_Park Slope,0.00016128379683300748,importance
categorical__neighbourhood_Bay Ridge,0.00015960861876054692,importance
categorical__neighbourhood_Lower East Side,0.0001563915640373099,importance
categorical__neighbourhood_Long Island City,0.00015622215708454667,importance
categorical__neighbourhood_Ridgewood,0.00015279705793741702,importance
categorical__neighbourhood_Greenwich Village,0.0001446671680699507,importance
categorical__neighbourhood_Ditmars Steinway,0.00011622454639258293,importance
categorical__neighbourhood_Fort Greene,0.00011491525414812874,importance
categorical__neighbourhood_Nolita,0.00011204285573778061,importance
categorical__neighbourhood_Sunset Park,0.00011132470987648387,importance
categorical__neighbourhood_Prospect-Lefferts Gardens,0.00011093593895180257,importance
categorical__neighbourhood_SoHo,0.00010843032020804357,importance
categorical__neighbourhood_Sunnyside,0.00010477279828611072,importance
categorical__neighbourhood_St. Albans,9.298555181902996e-05,importance
categorical__neighbourhood_Kips Bay,8.773170439362079e-05,importance
categorical__neighbourhood_East Elmhurst,8.690538532501034e-05,importance
categorical__neighbourhood_Brooklyn Heights,8.601831284167439e-05,importance
categorical__neighbourhood_Elmhurst,8.530579221472149e-05,importance
categorical__neighbourhood_Chinatown,8.485819230292886e-05,importance
categorical__neighbourhood_South Slope,7.460035307062963e-05,importance
categorical__neighbourhood_Forest Hills,7.266176873726746e-05,importance
categorical__neighbourhood_Inwood,6.563908606776557e-05,importance
categorical__neighbourhood_Springfield Gardens,5.640171273996304e-05,importance
categorical__neighbourhood_Corona,5.411245186309222e-05,importance
categorical__neighbourhood_Downtown Brooklyn,4.6961780540602665e-05,importance
categorical__neighbourhood_Gramercy,4.447725479360188e-05,importance
categorical__neighbourhood_Tribeca,4.306066638178851e-05,importance
categorical__neighbourhood_Midwood,4.268677149049417e-05,importance
categorical__neighbourhood_Richmond Hill,3.998197978981049e-05,importance
categorical__neighbourhood_Rego Park,3.764272453361939e-05,importance
categorical__neighbourhood_Arverne,3.570571339613583e-05,importance
categorical__neighbourhood_Mott Haven,3.344314797742346e-05,importance
categorical__neighbourhood_Cobble Hill,3.1631259608342327e-05,importance
categorical__neighbourhood_St. George,2.910366518981629e-05,importance
categorical__neighbourhood_Kensington,2.835268557381322e-05,importance
categorical__neighbourhood_Brighton Beach,2.448676042373631e-05,importance
categorical__neighbourhood_Jackson Heights,2.1001780400045846e-05,importance
categorical__neighbourhood_Maspeth,1.850348913783328e-05,importance
categorical__neighbourhood_Battery Park City,1.4369409516215635e-05,importance
categorical__neighbourhood_Gowanus,1.374089633405456e-05,importance
categorical__neighbourhood_Red Hook,1.248708404481401e-05,importance
categorical__neighbourhood_Borough Park,7.92855837196643e-06,importance
categorical__neighbourhood_Roosevelt Island,7.469176544583747e-06,importance
categorical__neighbourhood_Rockaway Beach,6.2898969799930435e-06,importance
categorical__neighbourhood_Flatlands,6.2775364463371995e-06,importance
categorical__neighbourhood_Windsor Terrace,6.1424307221264486e-06,importance
categorical__neighbourhood_Brownsville,3.6710429776572845e-06,importance
categorical__neighbourhood_Bensonhurst,3.2265092236958452e-06,importance
categorical__neighbourhood_Little Italy,1.943437060299067e-06,importance
categorical__neighbourhood_Ozone Park,6.671485061219782e-07,importance
categorical__neighbourhood_Longwood,2.8988657593977784e-07,importance
categorical__neighbourhood_Allerton,0.0,importance
categorical__neighbourhood_Bayside,0.0,importance
categorical__neighbourhood_Civic Center,0.0,importance
categorical__neighbourhood_Middle Village,0.0,importance
categorical__neighbourhood_Kingsbridge,0.0,importance
categorical__neighbourhood_Kew Gardens,0.0,importance
categorical__neighbourhood_Flatiron District,0.0,importance
categorical__neighbourhood_Glendale,0.0,importance
categorical__neighbourhood_Fresh Meadows,0.0,importance
categorical__neighbourhood_Fort Hamilton,0.0,importance
categorical__neighbourhood_Gravesend,0.0,importance
categorical__neighbourhood_Far Rockaway,0.0,importance
categorical__neighbourhood_Fordham,0.0,importance
categorical__neighbourhood_Belmont,0.0,importance
categorical__neighbourhood_Briarwood,0.0,importance
categorical__neighbourhood_DUMBO,0.0,importance
categorical__neighbourhood_Columbia St,0.0,importance
categorical__neighbourhood_Concourse,0.0,importance
categorical__neighbourhood_Concourse Village,0.0,importance
categorical__neighbourhood_Claremont Village,0.0,importance
categorical__neighbourhood_Stapleton,0.0,importance
categorical__neighbourhood_Stuyvesant Town,0.0,importance
categorical__neighbourhood_Rosedale,0.0,importance
categorical__neighbourhood_Pelham Gardens,0.0,importance
categorical__neighbourhood_Parkchester,0.0,importance
categorical__neighbourhood_Port Morris,0.0,importance
categorical__neighbourhood_Queens Village,0.0,importance
categorical__neighbourhood_Norwood,0.0,importance
categorical__neighbourhood_NoHo,0.0,importance
categorical__neighbourhood_South Ozone Park,0.0,importance
categorical__neighbourhood_Williamsbridge,0.0,importance
categorical__neighbourhood_Tompkinsville,0.0,importance
categorical__neighbourhood_Vinegar Hill,0.0,importance
categorical__neighbourhood_Wakefield,0.0,importance
categorical__neighbourhood_Two Bridges,0.0,importance
